URL;Title;Subtitle;Price;Breadcrumbs;Options;Images;Description
https://roastcoast.ru/cofe/dlya-espresso/black-forest-200g-espresso;Black Forest/Блэк Форест;Кофе для эспрессо;613  ₽;Главная > Кофе > Для эспрессо > Black Forest 200г. (эспрессо);"{""product_select"": [""200 g"", ""1000 g""], ""option[304]"": [""Не нужен"", ""Нужен""]}";https://roastcoast.ru/image/cache/catalog/new03/blekforest-517x540.jpg;В составе бленда арабика из Бразилии и робуста из Уганды. Благодаря такому сочетанию, кофе очень плотный, практически без кислотности. В аромате шоколад, во вкусе финики, грейпфрут и чернослив. Тело плотное и гладкое.Рекомендации по приготовлению эспрессо:Температура воды: 93 градусаВес кофе: 18-19 грамм на двойной эспрессо
https://roastcoast.ru/cofe/dlya-espresso/el-classico-200g-espresso;El Classico/Эль Классико;Кофе для эспрессо;667  ₽;Главная > Кофе > Для эспрессо > El Classico 200г. (эспрессо);"{""product_select"": [""200 g"", ""1000 g""], ""option[306]"": [""Не нужен"", ""Нужен""]}";https://roastcoast.ru/image/cache/catalog/new03/elklassiko-517x540.jpg;Благодаря сочетанию в бленде натуральной Бразилии и мытой Колумбии, кофе сочный, сбалансированный, шоколадно-ореховый профиль в сочетании с нотами ягодного варенья и смородинового листа на послевкусии.
https://roastcoast.ru/cofe/dlya-espresso/sweet-hills-200g-espresso;Sweet Hills/Свит Хилс;Кофе для эспрессо;620  ₽;Главная > Кофе > Для эспрессо > Sweet Hills 200г. (эспрессо);"{""product_select"": [""200 g"", ""1000 g""], ""option[307]"": [""Не нужен"", ""Нужен""]}";https://roastcoast.ru/image/cache/catalog/new03/svithills-517x540.jpg;Благодаря сочетанию в бленде натуральной Бразилии и Эфиопии, кофе очень сбалансированный, плотный, шоколадно-ореховый профиль в сочетании с нотами лесных ягод и абрикоса на послевкусии.
https://roastcoast.ru/cofe/dlya-espresso/braziliya-minas-zherajs-200g-espresso;Бразилия Минас Жерайс;Кофе для эспрессо;617  ₽;Главная > Кофе > Для эспрессо > Бразилия Минас Жерайс 200г. (эспрессо);"{""product_select"": [""200 g"", ""1000 g""], ""option[270]"": [""Не нужен"", ""Нужен""]}";https://roastcoast.ru/image/cache/catalog/new03/brazilijaminas-517x540.jpg;"Насыщенный, сладкий кофе с приятной горчинкой и невысокой кислотностью.  Тело плотное, хорошей интенсивности, бархатистое, в аромате раскрывается  сочетанием специй, орехов, во вкусе ноты шоколада и карамели."
https://roastcoast.ru/cofe/dlya-espresso/gvatemala-dekaf-200g-espresso;Гватемала Декаф;Кофе для эспрессо;755  ₽;Главная > Кофе > Для эспрессо > Гватемала Декаф 200г. (эспрессо);"{""product_select"": [""200 г."", ""1кг.""], ""option[564]"": [""Не нужен"", ""Нужен""]}";https://roastcoast.ru/image/cache/catalog/new07/novajapachkagvatemaladekaf-517x540.jpg;Смесь L&B Decaf состоит из разных компонентов, которые могут чередоваться, но основные регионы остаются неизменными. Это «мягкие» арабики из Центральной и Латинской Америки — Гватемала или Колумбия, мытые арабики из Восточной Африки — Кения, Танзания или Эфиопия и арабики из Азии — Папуа-Новая Гвинея, Индия или Индонезия.Процесс декофеинизации осуществляется следующим способом: зерна подвергаются воздействию горячего пара в течение приблизительно 30 минут, что позволяет порам зерна раскрыться. После этого в течение приблизительно 10 часов производится обработка смеси растворителем кофеина дихлорметаном (СH2Cl2). Удаленный в результате обработки кофеин смывается водой, а зерна вновь обрабатываются горячим паром под давлением для удаления остатков растворителя. Риск для здоровья от применения дихлорметана близок к нулю — растворитель разрушается при температуре 40 °C. За счет своей летучести во время обработки кофе горячим паром, а впоследствии обжарки, дихлорметан удаляется с зерен на 100%. Наконец, на последней стадии процесса смесь высушивается горячим воздухом до 11–13% влажности, затем охлаждается и дополнительно полируется. Полученная в результате процесса смесь отличается коричневым цветом, вкусом, близким к оригинальному, а также содержит менее 0,1% кофеина (в исходных арабиках содержание кофеина находится в пределах 1–1,5%).Декофеинизация осуществляется бременской компанией Coffein Compagnie.
https://roastcoast.ru/cofe/dlya-filtra/gvatemala-finka-san-antonio-200g-filtr;Гватемала Финка Сан Антонио;Кофе для фильтра;818  ₽;Главная > Кофе > Для фильтра > Гватемала Финка Сан Антонио 200г. (фильтр);"{""product_select"": [""200 г."", ""1 кг.""], ""option[591]"": [""Не нужен"", ""Нужен""]}";https://roastcoast.ru/image/cache/catalog/newfilter/gvatemaladajkafinku-517x540.jpg;Регион  Chuabarena, Cubulco, Baja VerapazФермерыDiego PerezФерма San AntonioРазмер фермы1.4 hasВысота 1,700 m.a.s.lМетод обработки WashedРазновидность Caturra, Catimor, & SarchimorДескрипторыгруша, цветочный мёд, апельсинВкусовые характеристикиСпелые фрукты и округлое тело, искристая кислотность Уже более 14 лет Диего Перес Тиста посвящает себя выращиванию кофе на ферме Finca San Antonio. Этот труд стал надежной основой для его семьи и местной общины. Ферма расположена в живописном горном поселении Чуабарена (муниципалитет Кубулько, регион Баха-Верапас) посреди сосновых лесов центрального нагорья Гватемалы. Здесь Диего вместе с семьей и сезонными работниками из числа коренных народов Ачи бережно выращивает разновидности Катурра, Катимор и Сарчимор.Процесс обработки: На ферме практикуют классический мытый метод с жестким контролем качества. Ягоды собирают вручную на пике спелости, депулируют на двухдисковом механическом депуляторе и обязательно сортируют, удаляя зерна низкого качества перед ферментацией, которая длится около 24 часов. Максимальное внимание к деталям на каждом этапе — от селективного сбора до сушки — позволяет Диего производить безупречно чистый мытый кофе с очень стабильным профилем. Этот лот гармонично сочетает в себе свежесть гватемальского высокогорья и заботу, вложенную фермером в каждый урожай.
https://roastcoast.ru/cofe/dlya-filtra/gvatemala-el-sokorro-200g-filtr;Гватемала Эль Сокорро;Кофе для фильтра;818  ₽;Главная > Кофе > Для фильтра > Гватемала Эль Сокорро 200г. (фильтр);"{""product_select"": [""200 г."", ""1 кг.""], ""option[594]"": [""Не нужен"", ""Нужен""]}";https://roastcoast.ru/image/cache/catalog/newfilter/gvatemaladajkafinkuel-517x540.jpg;Регион  Санта-Роса (Santa Rosa), окрестности озера АярзаФерма Финка Эль Сокорро (Finca El Socorro)Высота 1,400 - 2,000 m.a.s.lМетод обработки НатуральныйРазновидность Catuai, Anacafe 14, Pache, Bourbon, San RamonДескрипторы Аромат: Богатый, сладкий, с нотами спелых ягод, таких как малина и черника, а также легким цветочным оттенком, напоминающим жасмин.Вкус: Яркая и приятная кислотность с выраженными фруктовыми нотами, такими как красные яблоки, слива, а также цитрусовые (особенно апельсин). Вкус также имеет сладкие нотки, напоминающие мед или карамель.Послевкусие: Долгое, с легкими тропическими фруктами и сладкими нотами, такими как карамель и жасминовый мед. Guatemala Ayarza Natural — это кофе, производимый в одном из наиболее известных кофейных регионов Гватемалы, Аярза, расположенном в департаменте Santa Rosa, на юго-востоке страны. Регион известен своими высокогорьями и вулканической почвой, что создает идеальные условия для выращивания кофеНазвание Ayarza происходит от местности и связано с корнями древних майянских языков, которые использовались местными жителями. Это слово может отражать связь с природными объектами или событиями, характерными для региона, что добавляет исторический контекст к культуре производства кофе в этом районе.Уникальные климатические условия региона, прохладные ночи и теплые дни, а также высокие вулканические почвы способствуют медленному созреванию кофейных плодов, что помогает раскрытию яркой кислотности и фруктовых нот. Это придает кофе Ayarza его исключительные вкусовые характеристики.
https://roastcoast.ru/cofe/dlya-filtra/indoneziya-sumatra-gajo-200g-filtr;Индонезия Суматра Гайо;Кофе для фильтра;790  ₽;Главная > Кофе > Для фильтра > Индонезия Суматра Гайо 200г. (фильтр);"{""product_select"": [""200 г."", ""1 кг.""], ""option[596]"": [""Не нужен"", ""Нужен""]}";https://roastcoast.ru/image/cache/catalog/newfilter/indonezijasumatrajou-517x540.jpg;Провинция: АчехОкруг: БенермериахПроизводители: 490 небольших землевладельцев Площадь области производства: 505 гаВысота произрастания: 1250–1450 метров над уровнем моряРазновидность: типика, гайо суперСбор урожая: основной урожай — с октября по январь, второй урожай — с апреля по июньОбработка: гилинг-басахВыращивание кофе в Индонезии имеет 300-летнюю историю, сильное влияние на которую оказала колонизация страны голландцами. После объявления независимости плантации были либо закрыты, либо перешли в собственность государства. Сегодня Индонезия является четвертым по величине производителем кофе в мире. Около 92% производства страны находится в руках небольших производителей, использующих традиционные техники.Многие сорта отсюда называются в честь этнической группы Гайо, живущей преимущественно в северной части острова Суматра. Небольшие землевладельцы, производящие этот кофе, находятся в округе Бенермериах в центре провинции Ачех.  Зерна суматранского кофе визуально отличимы от зерен из других регионов — их цвет более темный (темно-зеленый, голубовато-темно-зеленый). Причиной этого является особенная для страны обработка — так называемый гилинг-басах. Этот метод обработки осуществляют следующим образом: сразу после сбора фермеры депульпируют ягоды и оставляют зерна в пергаментной оболочке и клейковине ферментироваться на ночь.  Ферментация позволяет легко отделить клейковину от пачмента (пергаментной оболочки). Далее фермер отправляет пачмент сушиться на несколько часов. Изначально влажность пачмента составляет 65%. Когда уровень влажности достигает 50%, пачмент отправляется на станцию обработки.Там его еще немного подсушивают и отправляют дальше на халлинг. Если обычно халлинг делают для кофе влажности 11–12%, то здесь он попадает на халлинг более влажным (около 40%), поэтому метод гилинг-басах по-английски так и называется —  wet hulled. Это придает суматранскому кофе специфические древесно-пряные оттенки, этим объясняется и темно-зеленый цвет зерен. Сушка зеленых зерен (до экспортного уровня влажности 12%), грейдинг и подготовка к экспорту осуществляется уже в Медане.
https://roastcoast.ru/cofe/dlya-filtra/keniya-kabingara-200g-filtr;Кения Кабингара;Кофе для фильтра;894  ₽;Главная > Кофе > Для фильтра > Кения Кабингара 200г. (фильтр);"{""product_select"": [""200 г."", ""1 кг.""], ""option[598]"": [""Не нужен"", ""Нужен""]}";https://roastcoast.ru/image/cache/catalog/newfilter/kenijakapibara-517x540.jpg;Регион: округ КириньягаСбор урожая: май — июнь, ноябрь — декабрьКоличество осадков: 1200 мм в годТемпература: 13–24 °CВысота произрастания: 1500 м над уровнем моряТип почв: красные вулканические почвы Разновидности: SL28, SL34, руиру-11, батиан *FCS — Farmers’ Cooperative Society. Станция обработки Кабингара была основана в 1988 году, она расположена в округе Кириньяга на участке земли площадью около 3 га. Сюда поступает кофе из деревень Камвана, Гатумби, Китама и Катхака (Kamwana, Gatumbi, Kithama, Kathaka). Кабингара принадлежит кооперативу Каритати (Karithathi FCS), в котором в настоящее время насчитывается 500 местных фермеров. Станцией управляет менеджер и 6 постоянных сотрудников, а также от 2 до 10 сезонных временных работников.Сбор и сортировка урожая Кофе на фермах растет в тени макадамии и гревиллеи. Вместе с кофейными деревьями на фермах часто высаживают кукурузу и банановые деревья. Спелые ягоды собирают вручную и доставляют на станцию обработки в тот же день, ягоды дополнительно сортируют вручную работники станции при поступлении. Обработка Станция оснащена дисковыми депульпаторами, ферментационными резервуарами и африканскими кроватями. В рамках стандартов экологического менеджмента на станции внедрены водосберегающие рециркуляторы. Использованная в процессе промывки вода отводится по закрытым каналам в очистные эко-резервуары (часто их называют wastewater lagoons или soak pits), где проходит биологическую нейтрализацию органики и кислот. После очистки вода безопасно дренируется в почву. fully washed / kenyan style В первые 24 часа поступивший на станцию обработки и отсортированный кофе депульпируют. После депульпации кофе ферментируют в течение ночи. Далее (после ферментации) кофе в парчменте тщательно промывают и замачивают на несколько часов в чистой воде, затем равномерно распределяют для сушки на африканских кроватях.  В зависимости от погодных условий сушка занимает от одной до нескольких недель (пока влажность не достигнет 11–12%). В течение сушки кофе (в парчменте) перебирают вручную, удаляя дефекты. Во время дождя парчмент накрывают брезентом, также его накрывают в полдень (чтобы избежать перегрева и повреждения парчмента).
https://roastcoast.ru/cofe/dlya-filtra/keniya-kasinga-200g-filtr;Кения Касинга;Кофе для фильтра;882  ₽;Главная > Кофе > Для фильтра > Кения Касинга 200г. (фильтр);"{""product_select"": [""200 г."", ""1кг.""], ""option[568]"": [""Не нужен"", ""Нужен""]}";https://roastcoast.ru/image/cache/catalog/new07/pachkakenijakaksimba-517x540.jpg;Мандарин, темные ягоды, черный чай, шиповникстанция  касинга регион  мачакос высота  1656 м почва красная вулканическаясорт  руиру 11, sl 28обработка   мытая урожай  2025 Станция мытой обработки Касинга находится в округе Мачакос. Местные жители говорят на диалекте камба. Название «Касинга» на языке камба означает «обработанное через огонь» (что-то, обработанное с помощью горения). Кофейные ягоды собирают вручную и отправляют на станцию мытой обработки. Перед тем, как вся масса красных спелых ягод будет перемещена в ёмкость для пульпирования, они раскладываются на патио под солнечными лучами, где их сортируют вручную от перезрелых, недозрелых ягод и посторонних предметов. Затем ягоды чистят от мякоти между двумя вращающимися абразивными плитами с использованием чистой воды из реки Тета. А дальше кофейные зерна выпадают из пресса в водный канал, легкие зерна всплывают и удаляются, а более плотные зерна тонут и вытекают через отверстие внизу, попадая в ферментационные танки, где их оставляют на ночь. На следующий день зерна еще раз тщательно промывают в специальных каналах, разделяя по качеству и отправляют на солнечные патио на 7-15 дней. Здесь осуществляют тщательный контроль за влажностью. Как только она достигнет целевого показателя 10–12 %, кофе будет упакован для транспортировки на станцию предэкспортной обработки.
https://roastcoast.ru/cofe/dlya-filtra/keniya-mtaro-200g-filtr;Кения Мтаро;Кофе для фильтра;1 022  ₽;Главная > Кофе > Для фильтра > Кения Мтаро 200г. (фильтр);"{""product_select"": [""200 г."", ""1кг.""], ""option[589]"": [""Не нужен"", ""Нужен""]}";https://roastcoast.ru/image/cache/catalog/newfilter/kenijataro-517x540.jpg;Регион: округ КиамбуПлощадь поместья Mtaro Estate: 346 га Площадь кофейных посадок: 198,6 га Сбор урожая: апрель — июнь, октябрь — декабрьВысота: 1600 м над уровнем моряТип почв: красные вулканические почвыРазновидности: SL28Поместье Мтаро (Mtaro Estate) расположено в округе Киамбу, в плодородных высокогорьях Центральной Кении, примерно в 40 километрах к северу от Найроби. Главная технологическая особенность этой фермы отражена в ее названии: «Мтаро» на суахили означает «канал»/«ров». Это историческая отсылка к созданию первых гидротехнических сооружений для снабжения фермы водой. Особенности климата и орошения  Расположение фермы в высокогорье Центральной Кении характеризуется выраженной цикличностью сухого и дождливого сезонов. Для стабилизации вегетативных процессов и защиты урожая от засухи на Mtaro Estate развернута масштабная искусственная система ирригации. Подача пресной воды осуществляется через разветвленную сеть каналов из собственных внутренних резервуаров, что минимизирует зависимость от климатических колебаний и обеспечивает равномерное созревание ягод.  Специфика обработки и микролоты Сбор урожая проходит в два этапа: основной (октябрь — декабрь) и ранний флайкроп (апрель — июнь). Все кофейные ягоды разновидности SL28 собираются вручную с последующей сортировкой. Базовым методом обработки является традиционный мытый (Washed) способ с сушкой на африканских кроватях. Помимо этого, Mtaro Estate производит лимитированные микролоты сухой (Natural) обработки, которая предполагает длительную сушку ягод в течение 4–5 недель. Социальная ответственность и экология На ферме постоянно занято около 300 штатных рабочих. Предприятие полностью берет на себя социальное обеспечение персонала: работникам и их семьям бесплатно предоставляется благоустроенное жилье и доступ к медицинскому обслуживанию. Внутренняя политика менеджмента направлена на строгое соблюдение трудового права, а для предотвращения дискриминации и поддержки сотрудниц на производстве создан специализированный комитет по защите прав женщин.
https://roastcoast.ru/cofe/dlya-filtra/kitaj-sigan-200g-filtr;Китай Сиган;Кофе для фильтра;888  ₽;Главная > Кофе > Для фильтра > Китай Сиган 200г. (фильтр);"{""product_select"": [""200 г.""], ""option[566]"": [""Не нужен"", ""Нужен""]}";https://roastcoast.ru/image/cache/catalog/new07/pachkagangamstajl-517x540.jpg;Тёмный виноград, красное вино, какаоРегион: провинция Юньнань, округ Пуэр, уезд МэнляньКооператив / поместье: СинганВысота: 1400–1800 м над уровнем моряРазновидность: катиморыОбработка: анаэробная сухая    Чайно-кофейное поместье Синган расположено к северо-западу от административного центра уезда Мэнлянь, в поселке Фуянь. Выращиваемые здесь чай и кофе произрастают на высоте от 1400 до 1800 метров над уровнем моря. Регион отличается уникальным климатом: среднегодовая температура составляет 17–20 °C, сумма активных температур (выше 10 °C) достигает 5000–7500 °C, годовое количество солнечных часов составляет около 2000, а уровень осадков превышает 1700 мм. Местные плантации расположены на террасированных горных склонах с глубоким плодородным слоем, состоящим преимущественно из красноземов и краснобурых почв. Кооператив Синган работает по модели «кооператив + производственная база + фермеры». Он специализируется на выращивании, первичной обработке и продаже кофе премиум-класса. Проект стартовал в конце 2003 года, а в 2006 году кооператив был зарегистрирован официально. За это время хозяйство освоило более 133 га плантаций, из которых 120 га уже активно плодоносят, а 20 га отведены под недавние молодые посадки. Разновидности арабики, которые выращивают здесь: катимор P3 и P4, гейша, сарчимор и желтый бурбон.  В распоряжении кооператива — современная станция обработки, рассчитанная на 30 тонн кофейных ягод в день. Инфраструктура включает 6000 м² сушильных площадей, а также приподнятые столы («африканские кровати») общей площадью 380 м² для деликатной сушки микролотов. Image not found or type unknown Здесь производят кофе мытой, хани и сухой (натуральной) обработки, а также различные варианты экспериментальных обработок. Кооператив охватывает три административные деревни и 21 местную общину, успешно реализуя программу справедливого распределения доходов со всеми участниками проекта — это 849 семей (3118 человек, включая 362 семьи из категорий, ранее нуждавшихся в государственной поддержке). Зеленый кофе поставляется известным премиальным брендам, среди которых M2M, Seesaw, Manner, Fisher и Minority. В 2022 году кооперативное хозяйство привлекло 1 млн юаней из коллективных фондов деревни для строительства станции обработки премиального кофе мощностью 150 тонн в год. Image not found or type unknown Кофейное хозяйство занимает общую площадь 2,7 га и включает в себя линию по обработке кофе, два резервуара для сбора и промывки свежих ягод, сушильные комплексы площадью 400 м2 и административные помещения площадью 206 м2. Станция оснащена двумя безводными депульпаторами, двумя машинами для промывки ягод, фотосепаратором, двумя сушильными системами и электронными весами. Также на территории действуют очистные сооружения с системой рециркуляции воды и отстойниками, благодаря чему производственные сточные воды полностью соответствуют экологическим стандартам сброса. В сезоне 2024/25 Синган произвел 220 тонн кофе (включая 150 тонн кофе премиумкласса), а общая стоимость выпущенной продукции превысила 10 млн юаней. Благодаря этому доходы фермеров от сдачи свежих ягод составили более 6,6 млн юаней, а средний доход на одно домохозяйство превысил 20 000 юаней. В настоящее время Синган также управляет двумя собственными розничными точками: тематической кофейней на улице Янэй и кофейней у водохранилища Янэй (Yanei Beef Coffee Theme Street Store / Yanei Coffee Reservoir Store). Image not found or type unknown Сбор и обработка Название лота: «Красное вино» (Red Wine)  Урожай собирается вручную: отбираются только 100% спелые красные кофейные ягоды, при этом полностью исключаются зеленые, гнилые, поврежденные болезнями или вредителями, а также перезревшие плоды. Далее собранные кофейные ягоды проходят сортировку в воде методом флотации, при котором дефектные ягоды удаляются. Последующая ручная сортировка гарантирует, что на сушку под солнцем отправляются только зрелые и неповрежденные ягоды. Цельные красные ягоды помещают в герметичные бочки или мешки из пищевого пластика, где они проходят процесс анаэробной ферментации в течение 72–96 часов (3–4 дней) при строго контролируемой температуре 20–26 °C. Данная технология позволяет пектину полностью расщепляться в анаэробных (бескислородных) условиях, формируя узнаваемый букет с нотами красного вина, ягодных нот и легких алкогольных тонов, что и является главным источником уникального вкусового профиля «Красное вино».  Технология сушки и стабилизации По окончании ферментации ягоды отправляют сушиться под солнцем, распределяя их равномерным слоем толщиной 2–4 см на приподнятых сушильных столах («африканских кроватях») с хорошей вентиляцией.  Сушка длится 25–30 дней, пока влажность не достигнет 11% ± 0.5%. Во избежание локального заплесневения и для обеспечения равномерного высыхания ягоды перемешивают каждые 2 часа. Весь процесс протекает естественным путем, без использования искусственного нагрева или стимуляторов сушки, что позволяет сохранить чистоту и сладость вкуса. Готовое зерно отправляют на склад для стабилизации.
https://roastcoast.ru/cofe/dlya-filtra/kolumbiya-alto-selo-200g-filtr;Колумбия Альто Сьело;Кофе для фильтра;975  ₽;Главная > Кофе > Для фильтра > Колумбия Альто Сьело 200г. (фильтр);"{""product_select"": [""200 г."", ""1кг.""], ""option[570]"": [""Не нужен"", ""Нужен""]}";https://roastcoast.ru/image/cache/catalog/new07/pachkakolumbijaetoselo-517x540.jpg;Яркий, сладкий лот редкой разновидности с тропическим и шоколадно-ореховым профилемРегион Уила, ГарзонФермер Анджело СосаФерма Альто СьелоРазновидность КатурронГод урожая 2025 Кофе созревает на высоте более 1700 м и проходит редкую для региона Уила натуральную обработку. Сначала ягоды ферментируют в герметичных танках в течение 60 часов, а затем высушивают под пластиковыми навесами до 16 дней. Навесы обеспечивают защиту от дождей, а также повышают температуру воздуха и способствуют его циркуляции для равномерной и контролируемой сушки зерна даже во влажном климате. Катуррон - редкая разновидность арабики, произрастающей сегодня только в Колумбии. Свое название сорт получил из-за схожести с очень крупной катуррой, которая широко культивируется в Колумбии. Однако вкусовой профиль катуррона уникален вследствие естественной мутации катурры. Популярность данный сорт набрал из-за своей устойчивости к кофейной ржавчине и хорошей урожайности.
https://roastcoast.ru/cofe/dlya-filtra/kolumbiya-andzhelo-sosa-tabi-200g-filtr;Колумбия Анджело Соса (Таби);Кофе для фильтра;1 011  ₽;Главная > Кофе > Для фильтра > Колумбия Анджело Соса (Таби) 200г. (фильтр);"{""product_select"": [""200 г."", ""1кг.""], ""option[555]"": [""Не нужен"", ""Нужен""]}";https://roastcoast.ru/image/cache/catalog/new07/pachkaanzhelasosasola-517x540.jpg;Сочный, чистый, деликатный кофе с ягодно-фруктовым профилемПрофиль вкуса Тропические фрукты, ликер, шоколад, виноград, красные ягоды, медРегион Уила, ГарзонФермер Анджело СосаФерма Альто СьелоРазновидность ТабиГод урожая 2025 Натуральная анаэробная (200 часов)Анджело Соса управляет семейной финкой более 20 лет и полагается на знания, унаследованные от своего отца-фермера. Начав с 500 деревьев Катурры, Анджело разнообразил производство, посадив Гейшу, а также Таби, сорт, полученный в результате скрещивания Типики, Бурбона и гибрида Тимора. Анджело - большой поклонник сорта Таби из-за устойчивости растения к болезням, высокой урожайности, и прекрасных вкусовых качеств. Поэтому он выращивает почти исключительно Таби, из-за чего он прозвал свою финку «Табиленд». Кофе созревает на высоте более 1700 ми проходит редкую для региона Уила натуральную обработку. Сначала ягоды преферментируют в танках в течение 200 часов, а затем высушивают под пластиковыми навесами до 16 дней. Навесы обеспечивают защиту от дождей, а также повышают температуру воздуха и способствуют его цикруляции для равномерной и контролируемой сушки зерна даже во влажном климате.РецептыВоронка (V60)Помол 25 щелчков (comandante)Кофе 18 гВоды 300 гТемпература заваривания 96СПредсмачивание 40 грамм до 35 секунд.На 30 секунде доливаем до 90 грамм.В 1 мин доливаем до 190 грамм. В 1:50 доливаем до 300 грамм. Общее заваривание 2:50.ИммерсияПомол 27 щелчков (comandante)Кофе 16 гВоды 290 гТемпература заваривания 96СЗаливаем сразу весь объём воды в кофе и настаиваем 3 минуты.Открываем клапан, общее заваривание 5 минАэропрессПомол 21 щелчок  (comandante)Кофе 15 гВоды 230 млТемпература заваривания 91СЗаливаем весь объём воды и перемешиваем. Настаиваем до 2 минути продавливание до 2:40 мин. Перевёрнутый метод с 2 фильтрами.
https://roastcoast.ru/cofe/dlya-filtra/kolumbiya-guamo-200g-filtr;Колумбия Гуамо;Кофе для фильтра;920  ₽;Главная > Кофе > Для фильтра > Колумбия Гуамо 200г. (фильтр);"{""product_select"": [""200 г."", ""1 кг.""], ""option[600]"": [""Не нужен"", ""Нужен""]}";https://roastcoast.ru/image/cache/catalog/newfilter/kolguano2-517x540.jpg;регион: кальдас, манзанарес фермер: проект рефорествысота:  1800 мсорт: катурра обработка: натуральнаяурожай: 2025/2026Forest Coffee стремится к активным действиям по защите климата и поддержке кофейных сообществ Колумбии. Проект по лесовосстановлению (Reforest Project) — это практический подход к борьбе с последствиями изменения климата в кофейном хозяйстве. Компания продвигает принципы устойчивого развития через высадку деревьев и укрепление устойчивости местных сообществ. Кофейные регионы Колумбии столкнулись с суровыми засухами, что привело к снижению объемов производства и ухудшению качества зерна. Фермеры несут растущие расходы и с трудом справляются с обеспечением средств к существованию. Очевидно, что для защиты будущего колумбийского кофе необходимы решительные действия. Цель проекта по лесовосстановлению — высадить 50 000 деревьев местных пород в северной части Толимы и на юге Кальдаса. Начали с первых 200 деревьев на фермах 30 местных производителей в окрестностях фермы Эль Вергел. Основная работа направлена на возрождение кофейных ландшафтов и создание более здоровой экосистемы. Через лесовосстановление и методы устойчивого земледелия повышается устойчивость к изменениям климата и осуществляется помощь фермерам в адаптации к меняющимся условиям окружающей среды. Эта инициатива дает надежду на будущее кофейной индустрии Колумбии. Путь лота Гуамо начинается с тщательного отбора кофейных ягод сорта Катурра, известного своим балансом и богатым потенциалом сложного вкуса. Сначала ягоды проходят 36-часовую анаэробную предварительную ферментацию в мешках грейн-про. Безвоздушная среда усиливает развитие фруктовых и тропических нот, создавая основу для яркого вкуса напитка. После подготовки ягоды переносят в герметичные танки в тени, где поддерживается стабильная температура около 23°C. Процесс ферментации длится 96 часов. По завершении ферментации ягоды сушатся механическим способом в течение примерно 7 дней. Такой тщательный метод сохраняет целостность натурального процесса, «запечатывая» яркие вкусы и предотвращая появление дефектов. Для обеспечения стабильности вкуса и однородности партий зерна выдерживают в мешках грейн-про в течение 30 дней, пока уровень влажности не достигнет 10,5%. Эта фаза стабилизации позволяет многогранному вкусовому профилю кофе созреть и гармонизировать, обеспечивая сложную и сбалансированную чашку.
https://roastcoast.ru/cofe/dlya-filtra/kolumbiya-papajo-200g-filtr;Колумбия Папайо;Кофе для фильтра;975  ₽;Главная > Кофе > Для фильтра > Колумбия Папайо 200г. (фильтр);"{""product_select"": [""200 г."", ""1кг.""], ""option[572]"": [""Не нужен"", ""Нужен""]}";https://roastcoast.ru/image/cache/catalog/new07/pachkakolumbijamamajja-517x540.jpg;Сочный, плотный, сбалансированный лот редкой разновидности папайоПрофиль вкуса: Груша, красное яблоко, шоколад, мед, мед, сливки, тростниковый сахара Регион Уила, ГарзонФермер Анджело СосаФерма Альто СьелоОбработка НатуральнаяВид АрабикаРазновидность ПапайоГод урожая 2025Разновидность папайо встречается нечасто и мало что известно о том, как она появилась в Колумбии. Некоторые считают ее локальной мутацией катурры, которуе впервые обнаружили фермеры региона Уила, но генетическое тестирование, проведенное World Coffee Research, указывает на тесную связь разновидности с Эфиопией, что объясняет сильный вкусовой потенциал папайо. Ягоды этого сорта отличается сочным оранжевым цветом и удлиненной формой, схожей с плодами фрукта папайи, от которого кофе и получил своей название. Кофе созревает на высоте более 1700 м и натуральную обработку. Сначала ягоды ферментируют в герметичных танках в течение 48-60 часов, а затем высушивают под пластиковыми навесами до 2 недель. Навесы обеспечивают защиту от дождей, а также повышают температуру воздуха и способствуют его циркуляции для равномерной и контролируемой сушки зерна даже во влажном климате.
https://roastcoast.ru/cofe/dlya-filtra/kolumbiya-pachamama-mytyj-200g-filtr;Колумбия Пачамама (мытый);Кофе для фильтра;814  ₽;Главная > Кофе > Для фильтра > Колумбия Пачамама (мытый) 200г. (фильтр);"{""product_select"": [""200 г."", ""1кг.""], ""option[558]"": [""Не нужен"", ""Нужен""]}";https://roastcoast.ru/image/cache/catalog/new07/pachkapapamamafiltr-517x540.jpg;Чистый, свежий, сбалансированный лот с шоколадно-карамельным профилемПрофиль вкуса Шоколад, какао-крупка, ваниль, карамель, мед, грецкий орехРегион РисаральдаФермеры Габриэль Валенсия и Руби БастидасФерма ПачамамаРазновидность КастильоГод урожая 2025 Разновидность КастильоГод урожая 2025 Ферма Пачамама расположена в Аравии, регион Рисаральда, на высоте 1450 метров над уровнем моря. Своё название она получила от одного из коренных племён Андского региона: в мифологии инков «Пачамама» означает «Мать-Земля». На финке не используют пестициды и гербициды, а для эффективного опыления кофейных деревьев «привлекают» к работе пчел из ульев, построенных рядом с плантациями. Сорт Кастильо проходит 2 этапа обработки по протоколу, подобранному для терруара Рисаральды: 48-часовую предварительную ферментацию в ягоде, за которой следуют 48 часов спонтанной ферментации уже очищенного от мякоти зерна. Затем кофе сушится на стеллажах под солнцем или в механических сушилках. В процессе халлинга кофе проходит сортировку, в процессе которой зёрна с меньшей плотностью или поврежденные насекомыми, а также квакеры удаляются.
https://roastcoast.ru/cofe/dlya-espresso/kolumbiya-pachamama-mytyj-200g-espresso;Колумбия Пачамама (мытый);Кофе для эспрессо;814  ₽;Главная > Кофе > Для эспрессо > Колумбия Пачамама (мытый) 200г. (эспрессо);"{""product_select"": [""200г."", ""1кг.""], ""option[543]"": [""Не нужен"", ""Нужен""]}";https://roastcoast.ru/image/cache/catalog/new07/novajapachkakolumbijadzhimiachaacha-517x540.jpg;Чистый, свежий, сбалансированный лот с шоколадно-карамельным профилемПрофиль вкуса Шоколад, какао-крупка, ваниль, карамель, мед, грецкий орехРегион РисаральдаФермеры Габриэль Валенсия и Руби БастидасФерма ПачамамаРазновидность КастильоГод урожая 2025 Разновидность КастильоГод урожая 2025 Ферма Пачамама расположена в Аравии, регион Рисаральда, на высоте 1450 метров над уровнем моря. Своё название она получила от одного из коренных племён Андского региона: в мифологии инков «Пачамама» означает «Мать-Земля». На финке не используют пестициды и гербициды, а для эффективного опыления кофейных деревьев «привлекают» к работе пчел из ульев, построенных рядом с плантациями. Сорт Кастильо проходит 2 этапа обработки по протоколу, подобранному для терруара Рисаральды: 48-часовую предварительную ферментацию в ягоде, за которой следуют 48 часов спонтанной ферментации уже очищенного от мякоти зерна. Затем кофе сушится на стеллажах под солнцем или в механических сушилках. В процессе халлинга кофе проходит сортировку, в процессе которой зёрна с меньшей плотностью или поврежденные насекомыми, а также квакеры удаляются.
https://roastcoast.ru/cofe/dlya-filtra/kolumbiya-el-vergel-200g-filtr;Колумбия Эль Вергел;Кофе для фильтра;966  ₽;Главная > Кофе > Для фильтра > Колумбия Эль Вергел 200г. (фильтр);"{""product_select"": [""200 г."", ""1 кг.""], ""option[574]"": [""Не нужен"", ""Нужен""]}";https://roastcoast.ru/image/cache/catalog/new07/pachkakolumbijajavertel-517x540.jpg;Алкогольные ноты, темные ягоды, темный шоколад, тропические фрукты,  цитрусырегион фресно ферма эль вергелфермеры  элиас и шади байтерывысота  1500 м сорт катурра, кастильо, колумбия обработка  натуральная+лактик урожай  2025/2026 ЭЛЬ ВЕРГЕЛПуть этого лота начинается с тщательного отбора кофейных ягод красной и желтой Катурры. Собранные на пике зрелости, ягоды проходят 4-часовую аэробную предварительную ферментацию, что позволяет их природным сахарам развиваться и закладывает основу для динамичного вкусового профиля, наполненного тропическими и кремовыми нотами. Затем ягоды переносятся в герметичные танки, расположенные в тени, где они проходят 7-часовой процесс анаэробной ферментации. Для усиления ферментации в танки вносится 10% лактобактерий. Эти бактерии, предварительно лиофилизированные и активированные при комнатной температуре в течение 30 минут перед использованием, придают кофе молочную кислотность и кремовую сложность. Точные условия ферментации создают сбалансированное взаимодействие фруктовых и кремовых вкусов, усиливая ноты йогурта, клубники, вишни и персика, сохраняя при этом сочное, кремовое тело. После ферментации ягоды сушатся механическим способом. В течение 72 часов, с тщательно выверенными интервалами, ягоды достигают оптимального уровня влажности примерно за шесть дней. Этот контролируемый процесс сушки обеспечивает сохранение отчетливых молочных и тропических характеристик кофе, закрепляя его богатые ноты темного шоколада, манго и кремовой кислотности. Заключительным этапом процесса является 30-дневный период стабилизации в мешках грейн-про. Этот шаг позволяет зернам «отдохнуть», гармонизируя их вкус и достигая идеально сбалансированной чашки. Мешки грейн-про также защищают зерна от воздействия окружающей среды, сохраняя их свежесть и качество до тех пор, пока они не будут готовы к обжарке.
https://roastcoast.ru/cofe/dlya-filtra/ruanda-simbi-200g-filtr;Руанда Симби;Кофе для фильтра;1 126  ₽;Главная > Кофе > Для фильтра > Руанда Симби 200г. (фильтр);"{""product_select"": [""200 г."", ""1 кг.""], ""option[587]"": [""Не нужен"", ""Нужен""]}";https://roastcoast.ru/image/cache/catalog/newfilter/ruandapumba-517x540.jpg;Станция Simbi Washing Station Owner: Abdul RudahungaУрожай 2025 /2026Высота  1.980 - 2250 мСкрин95% 15-18 Метод обработки Анаэробный натуральный, 72h fermentation in plastic barrelsСортАрабика, BourbonДескрипторы Тропические фрукты, карамель, конфеты с ромом, пралине, молочный шоколадВкусовые характеристикиПлотный сладкий кофе с тропическими фруктами и алкогольным послевкусиемСтанция обработки Simbi находится в районе Huye в Южной провинции Руанды.Simbi — это частная моечная станция, которой управляет Абдул, вдохновленный на занятие кофейным бизнесом своей бабушкой.Станция была построена в 2011- 2012 годах, а в 2013 году они впервые приняли участие в конкурсе Rwanda Cup of Excellence и заняли 9-е место из 159 образцов!
https://roastcoast.ru/cofe/dlya-espresso/uganda-mvezi-200g-espresso;Уганда Мвези;Кофе для эспрессо;728  ₽;Главная > Кофе > Для эспрессо > Уганда Мвези 200г. (эспрессо);"{""product_select"": [""200 г."", ""1кг.""], ""option[562]"": [""Не нужен"", ""Нужен""]}";https://roastcoast.ru/image/cache/catalog/new07/novajapachkaugandavezi-517x540.jpg;Вкусовые характеристики  Плотный кофе с винной кислотностью и сладким букетом спелой клубники, сливы и темного шоколада Дескрипторы Ноты вина, сухофрукты, цедра, какао, слива, клубника, грецкий орех, темный виноградРегион  Уганда, РувензориСтанция  Kasese, RwenzoriМетод обработки  Натуральный (сухой) Слово «Mwezi» (Мве́зи) в переводе с суахили (и местного угандийского языка луганда) означает «Луна» (или «месяц»). Такое имя лот получил благодаря своему происхождению: этот кофе рождается на склонах легендарных «Лунных гор» Рувензори.Влага из ледниковых туманов национального парка замедляет созревание ягод, позволяя им накопить рекордную плотность сахаров. Лот является результатом закрытой программы: всего 106 избранных фермеров вручную отбирают только пиковые, бордово-красные вишни.Благодаря 25-дневной натуральной сушке на «африканских кроватях» зерно проходит медленную ферментацию в собственной мякоти. Сахара глубоко пропитывают структуру зерна, рождая исключительный и чистый вкусовой профиль.
https://roastcoast.ru/cofe/dlya-filtra/efiopiya-konga-200g-filtr;Эфиопия Конга;Кофе для фильтра;894  ₽;Главная > Кофе > Для фильтра > Эфиопия Конга 200г. (фильтр);"{""product_select"": [""200 г."", ""1 кг.""], ""option[602]"": [""Не нужен"", ""Нужен""]}";https://roastcoast.ru/image/cache/catalog/newfilter/efiopijakingkong2-517x540.jpg;Регион: ИргачеффеСтанция обработки: КонгаПроизводители: местные фермерыВысота: 1950–2100 м над уровнем моряСбор урожая: октябрь — январьРазновидности: местные разновидности (heirloom) Обработка: сухаяДеревня Конга расположена недалеко от города Иргачеффе. В деревне действуют несколько станций мытой обработки, куда местные фермеры сдают свой урожай. Кофе из Конга обычно выращивается в очень малых масштабах — на фермерских участках, где он соседствует с другими продовольственными культурами.  Красно-бурые почвы этой местности отличаются высоким содержанием железа, а глубина их плодородного слоя превышает 1,5 метра. Это критически важно для кофейных деревьев: глубокий слой почвы позволяет сформировать развитую корневую систему. Благодаря этому растение усваивает гораздо больше питательных веществ и влаги. Мощные корни также обеспечивают силу и высоту самих деревьев. Кроме того, глубина почвы напрямую определяет ее способность накапливать и удерживать влагу и микроэлементы, что естественным образом гарантирует растениям постоянный доступ к необходимым ресурсам для качественного созревания урожая.
https://roastcoast.ru/cofe/dlya-espresso/efiopiya-sidamo-200g-espresso;Эфиопия Сидамо;Кофе для эспрессо;627  ₽;Главная > Кофе > Для эспрессо > Эфиопия Сидамо 200г. (эспрессо);"{""product_select"": [""200 g"", ""1000 g""], ""option[367]"": [""Не нужен"", ""Нужен""]}";https://roastcoast.ru/image/cache/catalog/new03/efiopijasidamo-517x540.jpg;"Эфиопия  Сидамо гр.4 ТОП — это арабика сухой обработки, отличающаяся от нашего  обычного Сидамо гр.4 более чистой и фруктовой чашкой.Кофе Сидамо выращивается в провинции Сидамо на Эфиопском нагорье на высоте от 1500 до 2200 метров над уровнем моря. Эфиопия  является седьмым по величине производителем кофе в мире и производит  больше кофе, чем любая другая африканская нация. Около 2800 кв.  км Эфиопии покрыты посадками кофейных деревьев, большая часть которого  производится мелкими землевладельцами (фермеры, имеющие менее 4 га  земли). Половина из 275 000 тонн кофе, производимого ежегодно в Эфиопии,  потребляется самими эфиопами. Правительство Эфиопии обрабатывает все  платежи мелким владельцам и устанавливает цену, по которой станции сухой  и мытой обработки платят за кофе от мелких фермеров."
https://roastcoast.ru/accessories/kakao-poroshok-cacao-22-24-1kg-irca-italiya;Какао порошок - Cacao 22/24 1кг, IRCA, Италия;;2 400  ₽;Главная > Аксессуары > Какао порошок - Cacao 22/24 1кг, IRCA, Италия;{};https://roastcoast.ru/image/cache/catalog/new04/kakaoirka-517x540.jpg;RCA – 100% Какао-порошок алкализированный 22-24% какао-масла «Horeca Line» - идеален для приготовления горячего шоколада и Вашего творчества.Область применения: Приготовление кондитерских изделий, напитков, завтраков и снеков.Форма продукта: порошокТемпература хранения: 12 - 20 °CСостав: 100% Какао-порошок.Белки - 17,6гЖиры - 23гУглеводы - 13,4г
https://roastcoast.ru/accessories/sredstvo-dlya-ochistki-kofemashin-ot-kofejnyh-masel-himteam-1000g;Средство для очистки кофемашин от кофейных масел himteam 1000г;;1 150  ₽;Главная > Аксессуары > Средство для очистки кофемашин от кофейных масел himteam 1000г;{};https://roastcoast.ru/image/cache/catalog/new04/new06/masel2-517x540.jpg;Эффективно удаляет труднорастворимые загрязнения, в т.ч. остатки кофе, масел, восков, танинов.Применение:Для профессиональной кофемашины:1. В холдер со слепым фильтром засыпать 5 г. (1\2 чайной ложки) средства и вставить в группу.2. Очистку совершать по инструкции производителя машины.Для обслуживания съемных деталей:1. Приготовить раствор: 50 г. средства на 1 л. горячей воды2. Съемные детали замочить до полной очистки.3. После завершения процедуры очистки промыть чистой водой.Важно: После очистки системы первую порцию кофе утилизировать.Объем: 1000 мг.
https://roastcoast.ru/accessories/sredstvo-dlya-ochistki-molochnyh-sistem-i-kapuchinatora-himteam-1000ml;Средство для очистки молочных систем и капучинатора himteam 1000мл;;990  ₽;Главная > Аксессуары > Средство для очистки молочных систем и капучинатора himteam 1000мл;{};https://roastcoast.ru/image/cache/catalog/new04/new06/moloko2-517x540.jpg;Профессиональное средство для очистки молочных систем кофемашин предназначено для обеспечения длительной и эффективной работы ваших устройств. Продукт специально создан для удаления жира, молочного налета и других загрязнений, которые могут негативно влиять на вкус и качество приготовляемого кофе.Применение:Для профессиональной кофемашины:1. Разбавить средство 25-50 мл. на 1л. воды.2. Очистку совершать по инструкции производителя машины.Для обслуживания съемных деталей:1. Съемные детали замочить до полной очистки.2. После завершения процедуры очистки промыть чистой водой.Объем: 1000 мл
https://roastcoast.ru/opt;Оптовым покупателям;;;Главная > Оптовым покупателям;{};;
https://roastcoast.ru/reviews;Отзывы;;;Главная > Отзывы;{};;
https://roastcoast.ru/about_us;О нас;;;Главная > О нас;{};https://roastcoast.ru/image/catalog/2026-01-2714.01.16.jpg, https://roastcoast.ru/image/catalog/inform/premia.png;
https://roastcoast.ru/delivery;Доставка и оплата;;;Главная > Доставка и оплата;{};;
https://roastcoast.ru/politika-konfidencialnosti;Политика конфиденциальности;;;Главная > Политика конфиденциальности;{};;
https://roastcoast.ru/terms;Условия соглашения;;;Главная > Условия соглашения;{};;
